user_id,event_type,item_id,duration,timestamp,emotion
716411,visit,/,,2026-03-13 17:14:49.079523,
716411,click,planner,,2026-03-13 17:14:50.944605,
716411,time_spent,/,3,2026-03-13 17:14:50.977183,
716411,time_spent,/,3,2026-03-13 17:14:51.023095,
716411,visit,/planner,,2026-03-13 17:14:51.281602,
716411,click,home,,2026-03-13 17:15:07.426193,
716411,time_spent,/planner,16,2026-03-13 17:15:07.467513,
716411,visit,/,,2026-03-13 17:15:07.865652,
716411,click,journal,,2026-03-13 17:15:21.564075,
716411,time_spent,/,13,2026-03-13 17:15:21.583477,
716411,time_spent,/,13,2026-03-13 17:15:21.630700,
716411,visit,/journal,,2026-03-13 17:15:21.814381,
716411,click,home,,2026-03-13 17:15:25.242445,
716411,time_spent,/journal,3,2026-03-13 17:15:25.275351,
716411,visit,/,,2026-03-13 17:15:25.490457,
716411,visit,/,,2026-03-13 18:03:39.536662,
716411,click,chatbot,,2026-03-13 18:03:53.342026,
716411,time_spent,/,14,2026-03-13 18:03:53.346312,
716411,time_spent,/,14,2026-03-13 18:03:53.375490,
716411,visit,/chatbot,,2026-03-13 18:03:54.076821,
716411,click,home,,2026-03-13 18:03:58.134884,
716411,time_spent,/chatbot,4,2026-03-13 18:03:58.165802,
716411,visit,/,,2026-03-13 18:03:58.309727,
716411,click,journal,,2026-03-13 18:04:02.020237,
716411,time_spent,/,3,2026-03-13 18:04:02.040505,
716411,time_spent,/,3,2026-03-13 18:04:02.069453,
716411,visit,/journal,,2026-03-13 18:04:02.172710,
716411,click,home,,2026-03-13 18:04:06.608889,
716411,time_spent,/journal,4,2026-03-13 18:04:06.638142,
716411,visit,/,,2026-03-13 18:04:06.770436,
716411,click,planner,,2026-03-13 18:04:11.833679,
716411,time_spent,/,5,2026-03-13 18:04:11.852267,
716411,time_spent,/,5,2026-03-13 18:04:11.875600,
716411,visit,/planner,,2026-03-13 18:04:12.001036,
716411,click,home,,2026-03-13 18:04:20.712063,
716411,time_spent,/planner,8,2026-03-13 18:04:20.739126,
716411,visit,/,,2026-03-13 18:04:20.883085,
716411,click,game,,2026-03-13 18:04:25.316901,
716411,time_spent,/,4,2026-03-13 18:04:25.318301,
716411,time_spent,/,4,2026-03-13 18:04:25.353981,
716411,visit,/game,,2026-03-13 18:04:25.894465,
716411,time_spent,/game,2,2026-03-13 18:04:28.329116,
716411,visit,/,,2026-03-13 19:11:07.202832,
716411,click,game,,2026-03-13 19:11:18.060300,
716411,time_spent,/,11,2026-03-13 19:11:18.088730,
716411,time_spent,/,11,2026-03-13 19:11:18.129134,
716411,visit,/game,,2026-03-13 19:11:20.580429,
716411,click,home,,2026-03-13 19:11:21.695910,
716411,time_spent,/game,3,2026-03-13 19:11:21.744904,
716411,visit,/,,2026-03-13 19:11:22.310738,
716411,time_spent,/,59,2026-03-13 19:12:21.619172,
716411,visit,/,,2026-03-14 10:02:01.607016,
716411,visit,/,,2026-03-14 10:02:01.855096,
716411,click,planner,,2026-03-14 10:02:07.869114,
716411,time_spent,/,6,2026-03-14 10:02:07.893344,
716411,time_spent,/,6,2026-03-14 10:02:07.920390,
716411,visit,/planner,,2026-03-14 10:02:08.046544,
716411,click,home,,2026-03-14 10:02:09.106269,
716411,time_spent,/planner,1,2026-03-14 10:02:09.142476,
716411,visit,/,,2026-03-14 10:02:09.270415,
716411,click,chatbot,,2026-03-14 10:02:11.137621,
716411,time_spent,/,1,2026-03-14 10:02:11.157745,
716411,time_spent,/,1,2026-03-14 10:02:11.180787,
716411,visit,/chatbot,,2026-03-14 10:02:12.316100,
716411,click,home,,2026-03-14 10:02:13.565904,
716411,time_spent,/chatbot,2,2026-03-14 10:02:13.593827,
716411,visit,/,,2026-03-14 10:02:13.723094,
716411,time_spent,/,21,2026-03-14 10:02:35.465675,
716411,time_spent,/,35,2026-03-14 10:02:36.189410,
716411,visit,/,,2026-03-14 10:04:59.025269,
716411,visit,/,,2026-03-14 10:04:59.243485,
716411,click,game,,2026-03-14 10:05:02.302220,
716411,time_spent,/,3,2026-03-14 10:05:02.321123,
716411,time_spent,/,3,2026-03-14 10:05:02.348273,
716411,visit,/game,,2026-03-14 10:05:04.491075,
716411,click,home,,2026-03-14 10:05:12.014610,
716411,time_spent,/game,9,2026-03-14 10:05:12.031831,
716411,visit,/,,2026-03-14 10:05:12.207099,
716411,click,game,,2026-03-14 10:05:13.637591,
716411,time_spent,/,1,2026-03-14 10:05:13.661705,
716411,time_spent,/,1,2026-03-14 10:05:13.699666,
716411,visit,/game,,2026-03-14 10:05:14.086349,
716411,click,home,,2026-03-14 10:05:27.578267,
716411,time_spent,/game,13,2026-03-14 10:05:27.601754,
716411,visit,/,,2026-03-14 10:05:27.761107,
716411,time_spent,/,23,2026-03-14 10:05:51.743551,
716411,time_spent,/,54,2026-03-14 10:05:52.876771,
716411,visit,/,,2026-03-14 10:12:47.829315,
716411,click,journal,,2026-03-14 10:13:25.660230,
716411,time_spent,/,38,2026-03-14 10:13:25.679772,
716411,time_spent,/,38,2026-03-14 10:13:25.701988,
716411,visit,/journal,,2026-03-14 10:13:25.828660,
716411,click,home,,2026-03-14 10:13:52.082218,
716411,time_spent,/journal,26,2026-03-14 10:13:52.102633,
716411,visit,/,,2026-03-14 10:13:52.278608,
716411,time_spent,/,15,2026-03-14 10:14:08.124016,
716411,visit,/,,2026-03-14 11:55:08.637494,
716411,click,game,,2026-03-14 11:55:15.386624,
716411,time_spent,/,7,2026-03-14 11:55:15.409649,
716411,time_spent,/,7,2026-03-14 11:55:15.432168,
716411,visit,/game,,2026-03-14 11:55:17.101662,
716411,visit,/,,2026-03-14 13:25:24.790577,
716411,time_spent,/,66,2026-03-14 13:26:30.582572,
716411,visit,/,,2026-03-14 13:26:30.778192,
716411,time_spent,/,36,2026-03-14 13:27:07.305624,
716411,visit,/,,2026-03-14 13:27:07.474145,
716411,visit,/,,2026-03-18 16:19:56.169739,
716411,click,activities,,2026-03-18 16:19:59.994563,
716411,time_spent,/,4,2026-03-18 16:20:00.019095,
716411,time_spent,/,4,2026-03-18 16:20:00.055000,
716411,visit,/,,2026-03-18 16:21:04.151217,
716411,click,activities,,2026-03-18 16:21:06.212718,
716411,time_spent,/,2,2026-03-18 16:21:06.240881,
716411,time_spent,/,2,2026-03-18 16:21:06.278464,
716411,visit,/,,2026-03-18 16:28:38.034529,
716411,click,activities,,2026-03-18 16:28:41.437290,
716411,time_spent,/,3,2026-03-18 16:28:41.454049,
716411,time_spent,/,3,2026-03-18 16:28:41.482214,
716411,click,activities,,2026-03-18 16:28:57.808411,
716411,time_spent,/,20,2026-03-18 16:28:57.833270,
716411,time_spent,/,20,2026-03-18 16:28:57.860854,
716411,click,activities,,2026-03-18 16:29:01.912876,
716411,time_spent,/,24,2026-03-18 16:29:01.926445,
716411,time_spent,/,24,2026-03-18 16:29:01.946342,
716411,click,activities,,2026-03-18 16:29:06.769043,
716411,time_spent,/,29,2026-03-18 16:29:06.780736,
716411,time_spent,/,29,2026-03-18 16:29:06.801188,
716411,visit,/,,2026-03-18 16:31:33.931010,
716411,click,activities,,2026-03-18 16:31:35.686089,
716411,time_spent,/,2,2026-03-18 16:31:35.713092,
716411,time_spent,/,2,2026-03-18 16:31:35.748708,
716411,visit,/,,2026-03-18 16:33:17.915066,
716411,click,activities,,2026-03-18 16:33:19.235913,
716411,time_spent,/,1,2026-03-18 16:33:19.260689,
716411,time_spent,/,1,2026-03-18 16:33:19.293579,
716411,time_spent,/,7,2026-03-18 16:33:25.254942,
716411,time_spent,/,288,2026-03-18 16:33:26.208532,
716411,visit,/,,2026-03-18 16:36:56.308062,
716411,click,activities,,2026-03-18 16:36:58.298594,
716411,time_spent,/,2,2026-03-18 16:36:58.322926,
716411,time_spent,/,2,2026-03-18 16:36:58.356853,
716411,time_spent,/,10,2026-03-18 16:37:06.547131,
716411,visit,/,,2026-03-18 16:38:11.875782,
716411,click,activities,,2026-03-18 16:38:12.602802,
716411,time_spent,/,1,2026-03-18 16:38:12.633886,
716411,time_spent,/,1,2026-03-18 16:38:12.659897,
716411,visit,/,,2026-03-18 16:40:29.865149,
716411,click,activities,,2026-03-18 16:40:31.700475,
716411,time_spent,/,2,2026-03-18 16:40:31.733125,
716411,time_spent,/,2,2026-03-18 16:40:31.742031,
716411,visit,/,,2026-03-18 16:42:00.744627,
716411,click,activities,,2026-03-18 16:42:02.114534,
716411,time_spent,/,1,2026-03-18 16:42:02.129347,
716411,time_spent,/,1,2026-03-18 16:42:02.149715,
716411,visit,/,,2026-03-18 16:45:01.625465,
716411,click,activities,,2026-03-18 16:45:04.126274,
716411,time_spent,/,2,2026-03-18 16:45:04.152855,
716411,time_spent,/,2,2026-03-18 16:45:04.183352,
716411,click,game,,2026-03-18 16:45:44.010531,
716411,time_spent,/,42,2026-03-18 16:45:44.023281,
716411,time_spent,/,42,2026-03-18 16:45:44.048228,
716411,visit,/game,,2026-03-18 16:45:45.389529,
716411,click,home,,2026-03-18 16:45:51.226733,
716411,time_spent,/game,7,2026-03-18 16:45:51.245972,
716411,visit,/,,2026-03-18 16:45:51.418800,
716411,click,activities,,2026-03-18 16:45:52.783624,
716411,time_spent,/,1,2026-03-18 16:45:52.790382,
716411,time_spent,/,1,2026-03-18 16:45:52.845204,
716411,click,activities,,2026-03-18 16:46:07.712412,
716411,time_spent,/,16,2026-03-18 16:46:07.733909,
716411,time_spent,/,16,2026-03-18 16:46:07.765278,
716411,click,chatbot,,2026-03-18 16:46:13.642230,
716411,time_spent,/,22,2026-03-18 16:46:13.663437,
716411,time_spent,/,22,2026-03-18 16:46:13.687560,
716411,visit,/chatbot,,2026-03-18 16:46:15.570638,
716411,click,home,,2026-03-18 16:46:22.061650,
716411,time_spent,/chatbot,8,2026-03-18 16:46:22.090529,
716411,visit,/,,2026-03-18 16:46:22.259577,
716411,click,activities,,2026-03-18 16:46:28.196777,
716411,time_spent,/,5,2026-03-18 16:46:28.219708,
716411,time_spent,/,5,2026-03-18 16:46:28.243877,
716411,visit,/,,2026-03-18 16:49:10.471177,
716411,click,activities,,2026-03-18 16:49:11.495761,
716411,time_spent,/,1,2026-03-18 16:49:11.533281,
716411,time_spent,/,1,2026-03-18 16:49:11.569974,
716411,visit,/,,2026-03-18 16:49:24.017105,
716411,click,activities,,2026-03-18 16:49:24.984096,
716411,time_spent,/,1,2026-03-18 16:49:25.033459,
716411,time_spent,/,1,2026-03-18 16:49:25.064577,
716411,visit,/,,2026-03-18 16:50:38.508085,
716411,click,activities,,2026-03-18 16:50:39.721010,
716411,time_spent,/,1,2026-03-18 16:50:39.781381,
716411,time_spent,/,1,2026-03-18 16:50:39.797928,
716411,visit,/,,2026-03-18 16:50:58.958482,
716411,click,activities,,2026-03-18 16:51:00.016618,
716411,time_spent,/,1,2026-03-18 16:51:00.057082,
716411,time_spent,/,1,2026-03-18 16:51:00.105040,
716411,visit,/,,2026-03-18 16:54:53.331897,
716411,click,activities,,2026-03-18 16:54:54.263027,
716411,time_spent,/,1,2026-03-18 16:54:54.297626,
716411,time_spent,/,1,2026-03-18 16:54:54.320923,
716411,visit,/,,2026-03-18 17:01:36.181332,
716411,click,activities,,2026-03-18 17:01:37.286940,
716411,time_spent,/,1,2026-03-18 17:01:37.305780,
716411,time_spent,/,1,2026-03-18 17:01:37.330516,
716411,click,planner,,2026-03-18 17:05:28.981851,
716411,time_spent,/,233,2026-03-18 17:05:29.011136,
716411,time_spent,/,233,2026-03-18 17:05:29.047149,
716411,visit,/planner,,2026-03-18 17:05:29.198733,
716411,click,home,,2026-03-18 17:05:30.029400,
716411,time_spent,/planner,0,2026-03-18 17:05:30.069816,
716411,visit,/,,2026-03-18 17:05:30.262354,
716411,click,activities,,2026-03-18 17:05:32.601071,
716411,time_spent,/,2,2026-03-18 17:05:32.630675,
716411,time_spent,/,2,2026-03-18 17:05:32.666536,
716411,click,chatbot,,2026-03-18 17:05:36.531340,
716411,time_spent,/,6,2026-03-18 17:05:36.556252,
716411,time_spent,/,6,2026-03-18 17:05:36.580556,
716411,visit,/chatbot,,2026-03-18 17:05:37.443137,
716411,click,home,,2026-03-18 17:05:39.437380,
716411,time_spent,/chatbot,2,2026-03-18 17:05:39.476547,
716411,visit,/,,2026-03-18 17:05:39.641600,
716411,click,chatbot,,2026-03-18 17:05:41.910463,
716411,time_spent,/,2,2026-03-18 17:05:41.912309,
716411,time_spent,/,2,2026-03-18 17:05:41.972113,
716411,visit,/chatbot,,2026-03-18 17:05:42.510791,
716411,click,home,,2026-03-18 17:05:43.426267,
716411,time_spent,/chatbot,1,2026-03-18 17:05:43.463119,
716411,visit,/,,2026-03-18 17:05:43.646290,
716411,time_spent,/,34,2026-03-18 17:06:18.002945,
716411,visit,/,,2026-03-18 17:06:18.304697,
716411,click,activities,,2026-03-18 17:06:19.432852,
716411,time_spent,/,1,2026-03-18 17:06:19.475164,
716411,time_spent,/,1,2026-03-18 17:06:19.497991,
716411,click,activities,,2026-03-18 17:06:30.004325,
716411,time_spent,/,11,2026-03-18 17:06:30.036293,
716411,time_spent,/,11,2026-03-18 17:06:30.065399,
716411,visit,/,,2026-03-18 17:06:43.664083,
716411,click,game,,2026-03-18 17:06:46.440806,
716411,time_spent,/,2,2026-03-18 17:06:46.464888,
716411,time_spent,/,2,2026-03-18 17:06:46.499924,
716411,click,home,,2026-03-18 17:06:47.626712,
716411,time_spent,/game,1,2026-03-18 17:06:47.652383,
716411,visit,/,,2026-03-18 17:06:47.948058,
716411,visit,/,,2026-03-19 07:04:49.493411,
716411,click,activities,,2026-03-19 07:04:57.165513,
716411,time_spent,/,8,2026-03-19 07:04:57.188621,
716411,time_spent,/,8,2026-03-19 07:04:57.219393,
716411,visit,/,,2026-03-19 07:05:24.825894,
716411,time_spent,/,3,2026-03-19 07:05:28.716193,
716411,visit,/,,2026-03-19 07:08:57.896608,
716411,click,activities,,2026-03-19 07:09:01.187529,
716411,time_spent,/,3,2026-03-19 07:09:01.210054,
716411,time_spent,/,3,2026-03-19 07:09:01.233683,
716411,visit,/,,2026-03-28 13:48:01.416989,
716411,visit,/,,2026-03-28 13:49:48.236884,
716411,time_spent,/,7,2026-03-28 13:49:54.990851,
716411,time_spent,/,115,2026-03-28 13:49:56.987407,
716411,visit,/,,2026-03-28 13:57:26.779399,
716411,click,activities,,2026-03-28 13:57:29.290855,
716411,time_spent,/,2,2026-03-28 13:57:29.316293,
716411,time_spent,/,2,2026-03-28 13:57:29.325399,
716411,visit,/,,2026-03-30 13:44:17.342294,
716411,click,journal,,2026-03-30 13:44:19.222673,
716411,time_spent,/,2,2026-03-30 13:44:19.246227,
716411,time_spent,/,2,2026-03-30 13:44:19.268183,
716411,visit,/journal,,2026-03-30 13:44:19.404000,
716411,click,home,,2026-03-30 13:44:25.006944,
716411,time_spent,/journal,5,2026-03-30 13:44:25.033860,
716411,visit,/,,2026-03-30 13:44:25.190271,
716411,click,planner,,2026-03-30 13:44:28.229659,
716411,time_spent,/,3,2026-03-30 13:44:28.248866,
716411,time_spent,/,3,2026-03-30 13:44:28.268740,
716411,visit,/planner,,2026-03-30 13:44:28.449053,
716411,click,home,,2026-03-30 13:44:42.996094,
716411,time_spent,/planner,14,2026-03-30 13:44:43.037938,
716411,visit,/,,2026-03-30 13:44:43.228748,
716411,click,journal,,2026-03-30 13:44:44.745036,
716411,time_spent,/,1,2026-03-30 13:44:44.769418,
716411,time_spent,/,1,2026-03-30 13:44:44.792822,
716411,visit,/journal,,2026-03-30 13:44:44.892953,
716411,click,home,,2026-03-30 13:45:09.282913,
716411,time_spent,/journal,24,2026-03-30 13:45:09.299929,
716411,visit,/,,2026-03-30 13:45:09.544364,
716411,click,planner,,2026-03-30 13:45:10.703905,
716411,time_spent,/,1,2026-03-30 13:45:10.729490,
716411,time_spent,/,1,2026-03-30 13:45:10.752845,
716411,visit,/planner,,2026-03-30 13:45:10.930797,
716411,click,home,,2026-03-30 13:45:27.990456,
716411,time_spent,/planner,17,2026-03-30 13:45:28.033503,
716411,visit,/,,2026-03-30 13:45:28.205898,
716411,click,journal,,2026-03-30 13:45:30.322639,
716411,time_spent,/,2,2026-03-30 13:45:30.344372,
716411,time_spent,/,2,2026-03-30 13:45:30.367694,
716411,visit,/journal,,2026-03-30 13:45:30.494430,
716411,click,home,,2026-03-30 13:45:47.266987,
716411,time_spent,/journal,16,2026-03-30 13:45:47.294569,
716411,visit,/,,2026-03-30 13:45:47.565595,
716411,click,planner,,2026-03-30 13:45:50.123696,
716411,time_spent,/,2,2026-03-30 13:45:50.141404,
716411,time_spent,/,2,2026-03-30 13:45:50.164102,
716411,visit,/planner,,2026-03-30 13:45:50.267301,
716411,click,home,,2026-03-30 13:46:11.842870,
716411,time_spent,/planner,21,2026-03-30 13:46:11.875174,
716411,visit,/,,2026-03-30 13:46:12.045516,
716411,time_spent,/,2,2026-03-30 13:46:15.005424,
716411,visit,/,,2026-04-01 09:02:38.170913,
716411,click,chatbot,,2026-04-01 09:02:41.827707,
716411,time_spent,/,4,2026-04-01 09:02:41.853137,
716411,time_spent,/,4,2026-04-01 09:02:41.884059,
716411,visit,/chatbot,,2026-04-01 09:02:42.256628,
716411,click,home,,2026-04-01 09:02:46.440917,
716411,time_spent,/chatbot,4,2026-04-01 09:02:46.474644,
716411,visit,/,,2026-04-01 09:02:46.679895,
716411,click,planner,,2026-04-01 09:02:47.661249,
716411,time_spent,/,1,2026-04-01 09:02:47.680597,
716411,time_spent,/,1,2026-04-01 09:02:47.704637,
716411,visit,/planner,,2026-04-01 09:02:47.836357,
716411,click,home,,2026-04-01 09:02:48.942851,
716411,time_spent,/planner,1,2026-04-01 09:02:48.972597,
716411,visit,/,,2026-04-01 09:02:49.123088,
716411,click,game,,2026-04-01 09:02:50.107115,
716411,time_spent,/,1,2026-04-01 09:02:50.131334,
716411,time_spent,/,1,2026-04-01 09:02:50.165370,
716411,visit,/game,,2026-04-01 09:02:51.546529,
716411,click,home,,2026-04-01 09:02:52.193849,
716411,time_spent,/game,1,2026-04-01 09:02:52.222239,
716411,visit,/,,2026-04-01 09:02:52.410207,
716411,click,activities,,2026-04-01 09:02:54.096360,
716411,time_spent,/,1,2026-04-01 09:02:54.120412,
716411,time_spent,/,1,2026-04-01 09:02:54.159928,
716411,visit,/,,2026-04-01 15:22:10.826497,
716411,click,planner,,2026-04-01 15:22:23.893837,
716411,time_spent,/,13,2026-04-01 15:22:23.914492,
716411,time_spent,/,13,2026-04-01 15:22:23.940416,
716411,visit,/planner,,2026-04-01 15:22:24.241523,
716411,click,home,,2026-04-01 15:22:26.726415,
716411,time_spent,/planner,2,2026-04-01 15:22:26.756097,
716411,visit,/,,2026-04-01 15:22:26.990914,
716411,click,chatbot,,2026-04-01 15:22:28.613031,
716411,time_spent,/,1,2026-04-01 15:22:28.635505,
716411,time_spent,/,1,2026-04-01 15:22:28.659035,
716411,visit,/chatbot,,2026-04-01 15:22:29.222820,
716411,click,home,,2026-04-01 15:22:32.855921,
716411,time_spent,/chatbot,3,2026-04-01 15:22:32.881545,
716411,visit,/,,2026-04-01 15:22:33.076430,
716411,click,planner,,2026-04-01 15:22:37.444009,
716411,time_spent,/,4,2026-04-01 15:22:37.459672,
716411,time_spent,/,4,2026-04-01 15:22:37.487138,
716411,visit,/planner,,2026-04-01 15:22:37.592407,
716411,click,home,,2026-04-01 15:22:38.740713,
716411,time_spent,/planner,1,2026-04-01 15:22:38.765807,
716411,visit,/,,2026-04-01 15:22:38.916278,
716411,click,game,,2026-04-01 15:22:40.113310,
716411,time_spent,/,1,2026-04-01 15:22:40.135790,
716411,time_spent,/,1,2026-04-01 15:22:40.160695,
716411,click,home,,2026-04-01 15:22:41.442013,
716411,time_spent,/game,1,2026-04-01 15:22:41.472547,
716411,visit,/,,2026-04-01 15:22:41.638118,
716411,click,journal,,2026-04-01 15:22:42.383933,
716411,time_spent,/,0,2026-04-01 15:22:42.401167,
716411,time_spent,/,0,2026-04-01 15:22:42.423590,
716411,visit,/journal,,2026-04-01 15:22:42.551035,
716411,click,home,,2026-04-01 15:22:44.453775,
716411,time_spent,/journal,1,2026-04-01 15:22:44.476782,
716411,visit,/,,2026-04-01 15:22:44.631381,
716411,visit,/,,2026-04-01 17:23:36.516769,
716411,time_spent,/,44,2026-04-01 17:24:21.131849, 
716411,visit,/,,2026-04-02 18:27:41.570894,
716411,time_spent,/,14,2026-04-02 18:27:55.748478,
716411,visit,/,,2026-04-02 18:27:55.990744,
716411,time_spent,/,368,2026-04-02 18:34:04.649527,
716411,visit,/,,2026-04-02 18:34:08.088826,
716411,click,planner,,2026-04-02 18:34:22.310582,
716411,time_spent,/,16,2026-04-02 18:34:22.350687,
716411,time_spent,/,16,2026-04-02 18:34:22.423988,
716411,visit,/planner,,2026-04-02 18:34:23.286546,
716411,click,home,,2026-04-02 18:34:32.809845,
716411,time_spent,/planner,9,2026-04-02 18:34:32.876632,
716411,visit,/,,2026-04-02 18:34:33.606778,
716411,click,chatbot,,2026-04-02 18:34:36.404144,
716411,time_spent,/,3,2026-04-02 18:34:36.441526,
716411,time_spent,/,3,2026-04-02 18:34:36.620053,
716411,visit,/chatbot,,2026-04-02 18:34:39.108091,
716411,click,home,,2026-04-02 18:34:49.508216,
716411,time_spent,/chatbot,12,2026-04-02 18:34:49.656079,
716411,visit,/,,2026-04-02 18:34:51.226300,
716411,click,game,,2026-04-02 18:34:53.221404,
716411,time_spent,/,2,2026-04-02 18:34:53.265855,
716411,time_spent,/,2,2026-04-02 18:34:53.468775,
716411,visit,/game,,2026-04-02 18:34:57.412314,
716411,click,home,,2026-04-02 18:35:08.136611,
716411,time_spent,/game,14,2026-04-02 18:35:08.198759,
716411,visit,/,,2026-04-02 18:35:09.041345,
716411,click,journal,,2026-04-02 18:35:10.129329,
716411,time_spent,/,1,2026-04-02 18:35:10.141900,
716411,time_spent,/,1,2026-04-02 18:35:10.318265,
716411,visit,/journal,,2026-04-02 18:35:11.443965,
716411,click,home,,2026-04-02 18:35:25.361172,
716411,time_spent,/journal,14,2026-04-02 18:35:25.423285,
716411,visit,/,,2026-04-02 18:35:26.111423,
716411,click,activities,,2026-04-02 18:35:27.497767,
716411,time_spent,/,1,2026-04-02 18:35:27.566645,
716411,time_spent,/,1,2026-04-02 18:35:27.788266,
716411,visit,/,,2026-04-02 18:35:33.968534,
716411,click,activities,,2026-04-02 18:37:14.366400,
716411,time_spent,/,100,2026-04-02 18:37:14.404047,
716411,time_spent,/,100,2026-04-02 18:37:14.548724,
716411,visit,/,,2026-04-02 18:37:28.073433,
716411,click,journal,,2026-04-02 18:37:32.471511,
716411,time_spent,/,4,2026-04-02 18:37:32.505224,
716411,time_spent,/,4,2026-04-02 18:37:32.611009,
716411,visit,/journal,,2026-04-02 18:37:33.312629,
716411,emotion_detected,/journal,,2026-04-02 18:37:56.980726,joy
716411,click,home,,2026-04-02 18:37:59.890690,
716411,time_spent,/journal,26,2026-04-02 18:37:59.934054,
716411,visit,/,,2026-04-02 18:38:01.513291,
716411,click,planner,,2026-04-02 18:38:03.267165,
716411,time_spent,/,2,2026-04-02 18:38:03.343086,
716411,time_spent,/,2,2026-04-02 18:38:03.471250,
716411,visit,/planner,,2026-04-02 18:38:04.255586,
716411,click,home,,2026-04-02 18:38:14.358392,
716411,time_spent,/planner,10,2026-04-02 18:38:14.500578,
716411,visit,/,,2026-04-02 18:38:15.468059,
716411,click,chatbot,,2026-04-02 18:38:16.932298,
716411,time_spent,/,1,2026-04-02 18:38:16.949095,
716411,time_spent,/,1,2026-04-02 18:38:17.172420,
716411,visit,/chatbot,,2026-04-02 18:38:19.939391,
716411,emotion_detected,/chatbot,,2026-04-02 18:38:29.932422,joy
716411,emotion_detected,/chatbot,,2026-04-02 18:38:49.117009,fear
716411,click,home,,2026-04-02 18:39:07.810225,
716411,time_spent,/chatbot,49,2026-04-02 18:39:07.979298,
716411,visit,/,,2026-04-02 18:39:11.220197,
716411,click,journal,,2026-04-02 18:39:15.471803,
716411,time_spent,/,6,2026-04-02 18:39:15.547613,
716411,time_spent,/,6,2026-04-02 18:39:15.652501,
716411,visit,/journal,,2026-04-02 18:39:16.164920,
716411,click,home,,2026-04-02 18:41:25.201719,
716411,time_spent,/journal,129,2026-04-02 18:41:25.264883,
716411,visit,/,,2026-04-02 18:41:26.593028,
716411,click,chatbot,,2026-04-02 18:41:34.014644,
716411,time_spent,/,7,2026-04-02 18:41:34.058008,
716411,time_spent,/,7,2026-04-02 18:41:34.194449,
716411,visit,/chatbot,,2026-04-02 18:41:36.183911,
716411,click,home,,2026-04-02 18:43:58.253291,
716411,time_spent,/chatbot,143,2026-04-02 18:43:58.473923,
716411,visit,/,,2026-04-02 18:44:01.226940,
716411,click,planner,,2026-04-02 18:44:19.961199,
716411,time_spent,/,20,2026-04-02 18:44:20.000282,
716411,time_spent,/,20,2026-04-02 18:44:20.074942,
716411,visit,/planner,,2026-04-02 18:44:20.715266,
716411,click,home,,2026-04-02 18:45:15.499268,
716411,time_spent,/planner,54,2026-04-02 18:45:15.590343,
716411,visit,/,,2026-04-02 18:45:17.153558,
716411,click,activities,,2026-04-02 18:48:17.842698,
716411,time_spent,/,181,2026-04-02 18:48:17.874321,
716411,time_spent,/,181,2026-04-02 18:48:17.952243,
716411,visit,/,,2026-04-02 20:24:45.215380,
716411,click,chatbot,,2026-04-02 20:24:56.457065,
716411,time_spent,/,11,2026-04-02 20:24:56.481103,
716411,time_spent,/,11,2026-04-02 20:24:56.510121,
716411,visit,/chatbot,,2026-04-02 20:24:56.998132,
716411,emotion_detected,/chatbot,,2026-04-02 20:25:07.555411,sadness
716411,visit,/,,2026-04-02 20:50:30.659980,
716411,click,planner,,2026-04-02 20:51:30.959807,
716411,time_spent,/,62,2026-04-02 20:51:30.984757,
716411,time_spent,/,62,2026-04-02 20:51:31.009092,
716411,visit,/planner,,2026-04-02 20:51:31.172124,
716411,time_spent,/planner,1,2026-04-02 20:51:32.559723,
716411,click,home,,2026-04-02 20:51:40.677067,
716411,time_spent,/planner,9,2026-04-02 20:51:40.716439,
716411,visit,/,,2026-04-02 20:51:40.963019,
716411,time_spent,/,40,2026-04-02 20:52:21.070895,
716411,visit,/,,2026-04-03 08:52:34.660219,
716411,click,planner,,2026-04-03 08:52:37.474335,
716411,time_spent,/,3,2026-04-03 08:52:37.491304,
716411,time_spent,/,3,2026-04-03 08:52:37.524275,
716411,visit,/planner,,2026-04-03 08:52:37.696873,
716411,time_spent,/planner,0,2026-04-03 08:52:38.594086,
716411,click,home,,2026-04-03 08:53:01.203240,
716411,time_spent,/planner,23,2026-04-03 08:53:01.239949,
716411,visit,/,,2026-04-03 08:53:01.593494,
716411,click,planner,,2026-04-03 08:53:02.844309,
716411,time_spent,/,1,2026-04-03 08:53:02.862036,
716411,time_spent,/,1,2026-04-03 08:53:02.918064,
716411,visit,/planner,,2026-04-03 08:53:03.125201,
716411,time_spent,/planner,1,2026-04-03 08:53:04.321815,
716411,visit,/,,2026-04-03 16:01:53.599110,
716411,click,planner,,2026-04-03 16:01:57.632575,
716411,time_spent,/,4,2026-04-03 16:01:57.650888,
716411,time_spent,/,4,2026-04-03 16:01:57.661264,
716411,visit,/planner,,2026-04-03 16:01:58.162311,
716411,time_spent,/planner,1,2026-04-03 16:01:59.254208,
716411,click,home,,2026-04-03 16:04:26.043182,
716411,time_spent,/planner,147,2026-04-03 16:04:26.079065,
716411,visit,/,,2026-04-03 16:04:26.325986,
716411,click,planner,,2026-04-03 16:04:43.919297,
716411,time_spent,/,17,2026-04-03 16:04:43.934926,
716411,time_spent,/,17,2026-04-03 16:04:43.970220,
716411,visit,/planner,,2026-04-03 16:04:44.108074,
716411,time_spent,/planner,0,2026-04-03 16:04:45.026994,
716411,time_spent,/planner,4,2026-04-03 16:04:48.878843,
716411,time_spent,/,26,2026-04-03 16:04:52.611917,
716411,visit,/,,2026-04-04 09:31:55.247898,
716411,time_spent,/,21,2026-04-04 09:32:16.486334,
716411,visit,/,,2026-04-04 09:36:00.728320,
716411,time_spent,/,14,2026-04-04 09:36:14.773645,
716411,visit,/,,2026-04-04 10:52:20.411811,
716411,click,chatbot,,2026-04-04 10:52:40.572192,
716411,time_spent,/,21,2026-04-04 10:52:40.610232,
716411,time_spent,/,21,2026-04-04 10:52:40.647580,
716411,visit,/chatbot,,2026-04-04 10:52:41.430009,
716411,click,home,,2026-04-04 10:52:49.211902,
716411,time_spent,/chatbot,8,2026-04-04 10:52:49.267747,
716411,visit,/,,2026-04-04 10:52:50.239056,
716411,click,journal,,2026-04-04 10:52:50.622247,
716411,time_spent,/,0,2026-04-04 10:52:50.653610,
716411,time_spent,/,1,2026-04-04 10:52:50.725686,
716411,visit,/journal,,2026-04-04 10:52:51.896177,
716411,click,home,,2026-04-04 10:52:56.963189,
716411,time_spent,/journal,6,2026-04-04 10:52:57.003713,
716411,visit,/,,2026-04-04 10:52:58.209609,
716411,visit,/,,2026-04-04 10:59:04.331031,
716411,click,planner,,2026-04-04 10:59:15.135048,
716411,time_spent,/,11,2026-04-04 10:59:15.160792,
716411,time_spent,/,12,2026-04-04 10:59:15.210379,
716411,visit,/planner,,2026-04-04 10:59:16.546948,
716411,click,home,,2026-04-04 10:59:20.092008,
716411,time_spent,/planner,4,2026-04-04 10:59:20.150016,
716411,visit,/,,2026-04-04 10:59:21.448266,
716411,click,chatbot,,2026-04-04 10:59:24.151981,
716411,time_spent,/,3,2026-04-04 10:59:24.186259,
716411,time_spent,/,3,2026-04-04 10:59:24.260557,
716411,visit,/chatbot,,2026-04-04 10:59:25.011561,
716411,click,home,,2026-04-04 10:59:27.582692,
716411,time_spent,/chatbot,3,2026-04-04 10:59:27.618342,
716411,visit,/,,2026-04-04 10:59:28.559360,
716411,time_spent,/,3,2026-04-04 10:59:32.038031,
716411,visit,/,,2026-04-06 16:25:09.227181,
716411,time_spent,/,31,2026-04-06 16:25:32.018750,
359336,visit,/,,2026-04-06 18:00:24.014721,
359336,click,oasis-watch,,2026-04-06 18:00:28.484285,
359336,time_spent,/,5,2026-04-06 18:00:28.507096,
359336,visit,/,,2026-04-06 18:01:08.875466,
359336,time_spent,/,4,2026-04-06 18:01:13.738101,
716411,visit,/,,2026-04-06 18:01:14.084874,
716411,time_spent,/,3,2026-04-06 18:01:17.061523,
359336,visit,/,,2026-04-06 18:16:33.291747,
359336,time_spent,/,10,2026-04-06 18:16:43.543201,
359336,click,oasis-watch,,2026-04-06 18:16:43.564834,
359336,visit,/,,2026-04-06 18:18:30.220583,
359336,click,oasis-watch,,2026-04-06 18:18:37.630039,
359336,time_spent,/,7,2026-04-06 18:18:37.646151,
716411,visit,/,,2026-04-06 18:21:11.147166,
716411,time_spent,/,7,2026-04-06 18:21:11.157862,
716411,visit,/,,2026-04-06 18:21:38.874424,
716411,time_spent,/,4,2026-04-06 18:21:42.480520,
359336,visit,/,,2026-04-06 18:21:48.667004,
359336,click,oasis-watch,,2026-04-06 18:21:52.995441,
359336,time_spent,/,5,2026-04-06 18:21:53.009855,
359336,time_spent,/,5,2026-04-06 18:21:53.418961,
359336,visit,/,,2026-04-06 18:23:33.192330,
359336,click,oasis-watch,,2026-04-06 18:23:33.207864,
359336,click,oasis-watch,,2026-04-06 18:23:33.620737,
359336,time_spent,/,6,2026-04-06 18:23:33.641856,
359336,time_spent,/,10,2026-04-06 18:23:34.019365,
359336,time_spent,/,13,2026-04-06 18:23:34.023341,
359336,time_spent,/,13,2026-04-06 18:23:34.268340,
359336,visit,/,,2026-04-06 18:24:34.486250,
359336,click,oasis-watch,,2026-04-06 18:24:34.501573,
359336,time_spent,/,3,2026-04-06 18:24:34.590121,
359336,click,oasis-watch,,2026-04-06 18:24:34.810069,
359336,time_spent,/,11,2026-04-06 18:24:35.118897,
359336,time_spent,/,27,2026-04-06 18:24:35.167438,
359336,time_spent,/,27,2026-04-06 18:24:35.204316,
716411,visit,/,,2026-04-06 18:30:04.602250,
716411,time_spent,/,5,2026-04-06 18:30:09.727195,
716411,visit,/,,2026-04-06 18:31:33.350712,
716411,time_spent,/,15,2026-04-06 18:31:48.698975,
716411,visit,/,,2026-04-06 18:31:50.988002,
716411,click,oasis-watch,,2026-04-06 18:32:03.914433,
716411,time_spent,/,13,2026-04-06 18:32:03.988036,
716411,time_spent,/,13,2026-04-06 18:32:04.021334,
716411,visit,/,,2026-04-19 10:38:16.254146,
716411,click,activities,,2026-04-19 10:38:17.732410,
716411,time_spent,/,5,2026-04-19 10:38:17.811379,
716411,time_spent,/,5,2026-04-19 10:38:17.894015,
716411,visit,/,,2026-04-19 10:38:22.491075,
716411,time_spent,/,19,2026-04-19 10:38:40.371436,
716411,visit,/,,2026-04-19 10:44:36.362587,
716411,visit,/,,2026-04-19 10:45:26.131520,
716411,time_spent,/,35,2026-04-19 10:46:01.276046,
716411,visit,/,,2026-04-19 10:49:50.044870,
716411,click,activities,,2026-04-19 10:49:52.697329,
716411,time_spent,/,3,2026-04-19 10:49:52.846856,
716411,time_spent,/,3,2026-04-19 10:49:53.115976,
716411,click,activities,,2026-04-19 10:49:54.677956,
716411,time_spent,/,5,2026-04-19 10:49:54.687796,
716411,time_spent,/,5,2026-04-19 10:49:54.875761,
716411,visit,/,,2026-04-19 10:49:58.214707,
716411,time_spent,/,2,2026-04-19 10:49:59.726766,
716411,visit,/,,2026-04-19 10:52:41.825981,
716411,click,activities,,2026-04-19 10:52:45.606153,
716411,time_spent,/,4,2026-04-19 10:52:45.615589,
716411,time_spent,/,4,2026-04-19 10:52:45.763790,
716411,click,activities,,2026-04-19 10:52:47.081698,
716411,time_spent,/,5,2026-04-19 10:52:47.186665,
716411,time_spent,/,6,2026-04-19 10:52:47.477542,
716411,visit,/,,2026-04-19 10:52:53.045459,
716411,click,activities,,2026-04-19 10:52:54.292332,
716411,time_spent,/,1,2026-04-19 10:52:54.338356,
716411,time_spent,/,1,2026-04-19 10:52:54.838614,
716411,visit,/chatbot,,2026-04-19 10:53:00.979843,
716411,time_spent,/chatbot,7,2026-04-19 10:53:08.049508,
716411,visit,/,,2026-04-19 10:53:13.202819,
716411,time_spent,/,2,2026-04-19 10:53:15.066074,
716411,visit,/,,2026-04-19 11:13:47.793223,
716411,click,planner,,2026-04-19 11:14:23.772887,
716411,time_spent,/,38,2026-04-19 11:14:24.042288,
716411,time_spent,/,38,2026-04-19 11:14:24.204820,
716411,visit,/planner,,2026-04-19 11:14:25.992796,
716411,time_spent,/planner,2,2026-04-19 11:14:27.808640,
716411,visit,/planner,,2026-04-19 11:14:34.132717,
716411,click,home,,2026-04-19 11:14:39.728841,
716411,time_spent,/planner,12,2026-04-19 11:14:45.338674,
716411,click,chatbot,,2026-04-19 11:14:56.581477,
716411,time_spent,/,71,2026-04-19 11:14:57.064403,
716411,visit,/chatbot,,2026-04-19 11:15:00.738973,
716411,visit,/chatbot,,2026-04-19 11:15:01.753860,
716411,time_spent,/chatbot,12,2026-04-19 11:15:09.953947,
716411,time_spent,/chatbot,26,2026-04-19 11:15:24.324819,
716411,time_spent,/chatbot,29,2026-04-19 11:15:27.929770,
716411,time_spent,/chatbot,34,2026-04-19 11:15:32.493610,
716411,time_spent,/chatbot,35,2026-04-19 11:15:34.309061,
716411,time_spent,/chatbot,36,2026-04-19 11:15:35.486737,
716411,time_spent,/chatbot,36,2026-04-19 11:15:35.484334,
716411,time_spent,/chatbot,40,2026-04-19 11:15:38.484534,
716411,click,game,,2026-04-19 11:15:47.030858,
716411,click,activities,,2026-04-19 11:15:48.412420,
716411,time_spent,/,122,2026-04-19 11:15:57.324079,
716411,time_spent,/,131,2026-04-19 11:15:57.784647,
716411,visit,/game,,2026-04-19 11:16:17.819597,
716411,time_spent,/game,18,2026-04-19 11:16:19.004684,
716411,visit,/,,2026-04-23 08:53:59.553563,
716411,click,activities,,2026-04-23 08:54:22.133372,
716411,time_spent,/,24,2026-04-23 08:54:22.179763,
716411,time_spent,/,24,2026-04-23 08:54:22.218136,
716411,visit,/,,2026-04-23 10:31:31.138460,
716411,click,journal,,2026-04-23 10:31:42.994477,
716411,time_spent,/,15,2026-04-23 10:31:43.038649,
716411,time_spent,/,15,2026-04-23 10:31:43.081801,
716411,visit,/journal,,2026-04-23 10:31:44.126356,
716411,time_spent,/journal,3,2026-04-23 10:31:46.505950,
716411,click,game,,2026-04-23 10:31:48.137401,
716411,time_spent,/,20,2026-04-23 10:31:48.148305,
716411,time_spent,/,20,2026-04-23 10:31:48.220647,
716411,visit,/game,,2026-04-23 10:31:51.288355,
716411,time_spent,/game,9,2026-04-23 10:31:58.183359,
716411,click,planner,,2026-04-23 10:32:00.078252,
716411,time_spent,/,32,2026-04-23 10:32:00.087272,
716411,time_spent,/,32,2026-04-23 10:32:00.196631,
716411,visit,/planner,,2026-04-23 10:32:01.179752,
716411,click,home,,2026-04-23 10:32:05.778650,
716411,time_spent,/planner,4,2026-04-23 10:32:05.825103,
716411,visit,/,,2026-04-23 10:32:06.779855,
716411,click,game,,2026-04-23 10:32:07.344725,
716411,time_spent,/,1,2026-04-23 10:32:07.348902,
716411,time_spent,/,1,2026-04-23 10:32:07.420530,
716411,click,home,,2026-04-23 10:32:08.706244,
716411,time_spent,/game,1,2026-04-23 10:32:08.801905,
716411,visit,/,,2026-04-23 10:32:09.679796,
716411,click,activities,,2026-04-23 10:32:11.003515,
716411,time_spent,/,1,2026-04-23 10:32:11.021943,
716411,time_spent,/,1,2026-04-23 10:32:11.127913,
716411,visit,/chatbot,,2026-04-23 10:32:25.890832,
716411,visit,/,,2026-05-03 09:23:42.640173,
716411,time_spent,/,3,2026-05-03 09:23:44.698743,
716411,visit,/,,2026-05-03 09:37:18.150283,
716411,click,activities,,2026-05-03 09:37:22.692188,
716411,time_spent,/,5,2026-05-03 09:37:22.729082,
716411,time_spent,/,5,2026-05-03 09:37:22.785810,
716411,visit,/,,2026-05-03 09:37:52.548489,
716411,click,journal,,2026-05-03 09:37:55.659527,
716411,time_spent,/,3,2026-05-03 09:37:55.669218,
716411,time_spent,/,3,2026-05-03 09:37:55.700850,
716411,visit,/journal,,2026-05-03 09:37:55.993141,
716411,time_spent,/journal,1,2026-05-03 09:37:57.675549,
716411,time_spent,/,9,2026-05-03 09:38:01.998578,
359336,complete,quick_stretch,,2026-05-03 09:38:06.418020,
716411,visit,/,,2026-05-03 09:49:40.846859,
716411,click,activities,,2026-05-03 09:49:50.619397,
716411,time_spent,/,10,2026-05-03 09:49:50.654407,
716411,time_spent,/,10,2026-05-03 09:49:50.692429,
716411,visit,/,,2026-05-03 09:49:54.918411,
716411,time_spent,/,5,2026-05-03 09:50:00.035906,
716411,visit,/,,2026-05-03 09:50:00.464721,
716411,time_spent,/,13,2026-05-03 09:50:13.591143,
359336,complete,quick_stretch,,2026-05-03 09:50:35.973312,
359336,complete,box_breathing,,2026-05-03 09:50:37.210328,
359336,complete,power_walk,,2026-05-03 09:50:38.451341,
359336,complete,progressive_relaxation,,2026-05-03 09:50:39.624216,
359336,complete,talk_to_oasis,,2026-05-03 09:50:40.567013,
716411,visit,/,,2026-05-03 09:50:46.733540,
716411,time_spent,/,7,2026-05-03 09:50:53.969667,
716411,visit,/,,2026-05-03 09:57:27.045560,
716411,click,activities,,2026-05-03 09:57:31.155820,
716411,time_spent,/,4,2026-05-03 09:57:31.162201,
716411,time_spent,/,4,2026-05-03 09:57:31.208322,
716411,visit,/,,2026-05-03 09:57:33.296195,
716411,visit,/,,2026-05-03 09:58:27.200931,
716411,time_spent,/,29,2026-05-03 09:58:55.938648,
716411,visit,/,,2026-05-03 09:59:13.576309,
716411,time_spent,/,54,2026-05-03 10:00:07.832835,
716411,visit,/,,2026-05-03 10:00:08.458728,
716411,click,planner,,2026-05-03 10:00:12.411861,
716411,time_spent,/,4,2026-05-03 10:00:12.465965,
716411,time_spent,/,4,2026-05-03 10:00:12.585711,
716411,visit,/planner,,2026-05-03 10:00:13.640904,
716411,click,home,,2026-05-03 10:00:14.464867,
716411,time_spent,/planner,1,2026-05-03 10:00:14.549706,
716411,visit,/,,2026-05-03 10:00:15.563438,
716411,time_spent,/,1,2026-05-03 10:00:16.730604,
716411,time_spent,/,166,2026-05-03 10:00:19.294403,
716411,visit,/,,2026-05-03 10:56:26.523140,
716411,time_spent,/,24,2026-05-03 10:56:50.578910,
868498,visit,/,,2026-05-03 10:57:39.143647,
868498,click,about-us,,2026-05-03 10:57:51.002415,
868498,time_spent,/,12,2026-05-03 10:57:51.121371,
868498,time_spent,/,12,2026-05-03 10:57:51.336211,
868498,click,oasis-watch,,2026-05-03 10:57:59.508799,
868498,time_spent,/,21,2026-05-03 10:57:59.552658,
868498,time_spent,/,21,2026-05-03 10:57:59.600207,
868498,click,recommend,,2026-05-03 10:58:06.839550,
868498,time_spent,/,28,2026-05-03 10:58:06.874748,
868498,time_spent,/,28,2026-05-03 10:58:06.941164,
868498,click,about-us,,2026-05-03 10:58:32.673390,
868498,time_spent,/,54,2026-05-03 10:58:32.714571,
868498,time_spent,/,54,2026-05-03 10:58:32.799854,
868498,visit,/,,2026-05-03 10:59:18.211733,
868498,click,about-us,,2026-05-03 10:59:34.008941,
868498,time_spent,/,16,2026-05-03 10:59:34.137009,
868498,time_spent,/,34,2026-05-03 10:59:51.980251,
868498,visit,/,,2026-05-03 11:01:14.553482,
868498,time_spent,/,3,2026-05-03 11:01:17.950860,
868498,visit,/,,2026-05-03 11:37:07.993098,
868498,time_spent,/,7,2026-05-03 11:37:14.528134,
868498,click,oasis-watch,,2026-05-03 11:38:10.450669,
868498,time_spent,/,63,2026-05-03 11:38:10.451225,
868498,time_spent,/,63,2026-05-03 11:38:10.486241,
868498,click,about-us,,2026-05-03 11:38:14.482319,
868498,time_spent,/,67,2026-05-03 11:38:14.493629,
868498,time_spent,/,67,2026-05-03 11:38:14.544279,
868498,click,recommend,,2026-05-03 11:38:37.199438,
868498,time_spent,/,89,2026-05-03 11:38:37.206951,
868498,time_spent,/,89,2026-05-03 11:38:37.269460,
868498,visit,/,,2026-05-03 13:45:50.490272,
868498,visit,/,,2026-05-03 13:47:02.064137,
868498,time_spent,/,48,2026-05-03 13:47:49.849412,
868498,visit,/,,2026-05-03 13:48:16.204720,
656497,visit,/,,2026-05-03 13:48:40.688797,
656497,time_spent,/,31,2026-05-03 13:49:11.604380,
656497,time_spent,/,50,2026-05-03 13:49:30.356458,
656497,visit,/planner,,2026-05-03 13:49:31.582313,
656497,time_spent,/planner,2,2026-05-03 13:49:33.048247,
656497,time_spent,/,189,2026-05-03 13:51:49.813398,
656497,visit,/planner,,2026-05-03 13:51:50.478280,
656497,time_spent,/planner,1,2026-05-03 13:51:51.169219,
656497,visit,/,,2026-05-03 13:51:59.631691,
656497,time_spent,/,28,2026-05-03 13:52:28.460518,
656497,time_spent,/,40,2026-05-03 13:52:39.640840,
656497,visit,/chatbot,,2026-05-03 13:52:41.381192,
656497,time_spent,/chatbot,1,2026-05-03 13:52:41.447165,
656497,visit,/,,2026-05-03 13:55:37.828741,
656497,time_spent,/,13,2026-05-03 13:55:50.917653,
656497,visit,/,,2026-05-03 13:55:52.218698,
656497,time_spent,/,23,2026-05-03 13:56:14.288440,
656497,visit,/,,2026-05-03 13:56:14.720827,
656497,time_spent,/,70,2026-05-03 13:57:24.606456,
656497,visit,/,,2026-05-03 13:57:25.232468,
656497,time_spent,/,125,2026-05-03 13:59:30.132286,
656497,visit,/,,2026-05-03 13:59:30.837952,
656497,time_spent,/,3,2026-05-03 13:59:33.926211,
656497,visit,/,,2026-05-03 14:00:19.658890,
656497,visit,/,,2026-05-03 14:04:03.069174,
656497,time_spent,/,13,2026-05-03 14:04:15.679454,
656497,time_spent,/,237,2026-05-03 14:04:16.467163,
225004,visit,/,,2026-05-03 14:05:10.534965,
225004,time_spent,/,35,2026-05-03 14:05:45.203284,
225004,time_spent,/,42,2026-05-03 14:05:52.038888,
225004,visit,/,,2026-05-03 14:05:53.117856,
225004,time_spent,/,98,2026-05-03 14:07:31.361391,
225004,visit,/,,2026-05-03 14:07:44.267561,
225004,time_spent,/,5,2026-05-03 14:07:49.054919,
225004,visit,/,,2026-05-03 18:23:30.632055,
225004,time_spent,/,4,2026-05-03 18:23:34.198247,
225004,visit,/,,2026-05-05 07:28:32.019013,
225004,time_spent,/,5,2026-05-05 07:28:35.706980,
225004,time_spent,/,13,2026-05-05 07:28:43.915310,
225004,visit,/,,2026-05-05 07:28:54.828717,
225004,time_spent,/,4,2026-05-05 07:28:58.154262,
225004,visit,/journal,,2026-05-05 07:28:59.001245,
225004,time_spent,/journal,1,2026-05-05 07:29:00.433077,
225004,time_spent,/,14,2026-05-05 07:29:07.951690,
225004,time_spent,/,19,2026-05-05 07:29:13.011477,
225004,visit,/,,2026-05-05 11:08:34.295707,
225004,time_spent,/,16,2026-05-05 11:08:49.337738,
225004,visit,/,,2026-05-05 11:08:50.601432,
225004,time_spent,/,3,2026-05-05 11:08:52.808260,
225004,time_spent,/,84,2026-05-05 11:10:13.701401,
225004,visit,/,,2026-05-05 11:10:14.695180,
225004,time_spent,/,14,2026-05-05 11:10:28.752265,
248371,visit,/,,2026-05-06 07:49:05.418316,
248371,time_spent,/,18,2026-05-06 07:49:22.143476,
248371,visit,/,,2026-05-06 07:49:37.354688,
248371,time_spent,/,16,2026-05-06 07:49:53.323915,
248371,time_spent,/,25,2026-05-06 07:50:02.079852,
691111,visit,/,,2026-05-06 08:38:32.906262,
691111,time_spent,/,11,2026-05-06 08:38:42.028765,
691111,visit,/chatbot,,2026-05-06 08:38:43.361199,
691111,time_spent,/chatbot,65,2026-05-06 08:39:48.411471,
691111,visit,/,,2026-05-06 08:39:49.470684,
691111,time_spent,/,1,2026-05-06 08:39:50.561993,
691111,visit,/chatbot,,2026-05-07 08:15:35.317366,
691111,time_spent,/chatbot,61,2026-05-07 08:16:36.035760,
691111,visit,/,,2026-05-07 08:40:23.661970,
691111,time_spent,/,6,2026-05-07 08:40:26.921982,
691111,visit,/chatbot,,2026-05-07 08:40:28.988135,
691111,time_spent,/chatbot,32,2026-05-07 08:41:00.654894,
691111,visit,/,,2026-05-07 08:48:54.814105,
691111,time_spent,/,3,2026-05-07 08:48:56.927913,
691111,visit,/chatbot,,2026-05-07 08:48:58.422371,
691111,time_spent,/chatbot,18,2026-05-07 08:49:16.109043,
946242,visit,/,,2026-05-08 08:02:03.780293,
946242,visit,/journal,,2026-05-08 08:03:34.021946,
946242,time_spent,/journal,1,2026-05-08 08:03:35.358225,
946242,visit,/,,2026-05-08 08:06:25.199083,
946242,visit,/,,2026-05-08 12:22:59.337249,
946242,time_spent,/,8,2026-05-08 12:23:06.726946,
946242,time_spent,/game,1,2026-05-08 12:23:08.250001,
946242,visit,/,,2026-05-08 12:23:44.791481,
946242,time_spent,/,6,2026-05-08 12:23:49.990437,
946242,visit,/,,2026-05-08 13:42:52.634166,
946242,time_spent,/,6,2026-05-08 13:42:52.695400,
216581,visit,/,,2026-05-08 13:45:45.011615,
216581,time_spent,/,9,2026-05-08 13:45:53.728182,
709360,visit,/,,2026-05-09 12:05:54.604099,
709360,time_spent,/,8,2026-05-09 12:06:02.359786,
Explorer,3d_interaction,call_pulse,0,2026-05-09 12:06:11.729958,joy
Explorer,3d_interaction,call_pulse,0,2026-05-09 12:06:13.434069,joy
Explorer,3d_interaction,call_pulse,0,2026-05-09 12:06:29.743877,joy
Explorer,3d_interaction,call_pulse,0,2026-05-09 12:06:31.662993,joy
Explorer,3d_interaction,call_pulse,0,2026-05-09 12:06:32.292435,joy
Explorer,3d_interaction,call_pulse,0,2026-05-09 12:06:32.976275,joy
Explorer,3d_interaction,call_pulse,0,2026-05-09 12:06:35.732660,joy
709360,visit,/,,2026-05-09 12:08:01.956687,
709360,time_spent,/,3,2026-05-09 12:08:04.242501,
689000,visit,/,,2026-05-09 12:52:37.230322,
689000,time_spent,/,2,2026-05-09 12:52:38.254600,
689000,visit,/,,2026-05-09 12:54:50.931809,
689000,time_spent,/,2,2026-05-09 12:54:50.939037,
689000,visit,/,,2026-05-09 12:57:46.288795,
689000,time_spent,/,4,2026-05-09 12:57:46.329126,
689000,visit,/,,2026-05-09 12:59:51.008979,
689000,time_spent,/,2,2026-05-09 12:59:53.346861,
355344,visit,/journal,,2026-05-09 13:04:29.584983,
355344,visit,/chatbot,,2026-05-09 13:04:31.565048,
355344,time_spent,/chatbot,3,2026-05-09 13:04:34.572347,
355344,time_spent,/journal,31,2026-05-09 13:04:59.441731,
Explorer,3d_interaction,call_pulse,0,2026-05-11 10:18:40.275366,joy
Explorer,time_spent,meditation_ritual,15,2026-05-11 10:18:40.276906,calm
Explorer,3d_interaction,call_pulse,0,2026-05-11 10:19:00.643469,joy
Explorer,time_spent,meditation_ritual,15,2026-05-11 10:19:00.647610,calm
Explorer,3d_interaction,call_pulse,0,2026-05-11 10:19:20.688598,joy
Explorer,time_spent,meditation_ritual,15,2026-05-11 10:19:20.693791,calm
Explorer,3d_interaction,call_pulse,0,2026-05-11 10:19:40.748260,joy
Explorer,time_spent,meditation_ritual,15,2026-05-11 10:19:40.750326,calm
Explorer,3d_interaction,call_pulse,0,2026-05-11 10:20:48.061416,joy
Explorer,time_spent,meditation_ritual,15,2026-05-11 10:20:48.064074,calm
Explorer,3d_interaction,call_pulse,0,2026-05-11 10:21:17.076657,joy
Explorer,time_spent,meditation_ritual,15,2026-05-11 10:21:17.078316,calm
Explorer,3d_interaction,call_pulse,0,2026-05-12 08:40:59.081653,joy
Explorer,3d_interaction,call_pulse,0,2026-05-12 09:22:22.951935,joy
Explorer,3d_interaction,call_pulse,0,2026-05-13 20:09:54.818290,joy
Explorer,3d_interaction,call_pulse,0,2026-05-13 20:09:56.233847,joy
Explorer,3d_interaction,call_pulse,0,2026-05-13 20:10:03.771893,joy
Explorer,3d_interaction,call_pulse,0,2026-05-13 20:10:05.259588,joy
Explorer,3d_interaction,call_pulse,0,2026-05-13 20:10:06.008105,joy
Explorer,3d_interaction,call_pulse,0,2026-05-13 20:10:06.354573,joy
Explorer,3d_interaction,call_pulse,0,2026-05-13 20:10:06.989848,joy
Explorer,3d_interaction,call_pulse,0,2026-05-13 20:10:07.824277,joy
Explorer,3d_interaction,call_pulse,0,2026-05-13 20:10:08.328492,joy
Explorer,3d_interaction,call_pulse,0,2026-05-13 20:10:10.283693,joy
Explorer,3d_interaction,call_pulse,0,2026-05-13 20:10:10.436514,joy
Explorer,3d_interaction,call_pulse,0,2026-05-13 20:10:10.927189,joy
Explorer,3d_interaction,call_pulse,0,2026-05-13 20:10:11.474633,joy
Explorer,3d_interaction,call_pulse,0,2026-05-13 20:10:11.693660,joy
Explorer,3d_interaction,call_pulse,0,2026-05-13 20:10:13.712303,joy
Explorer,3d_interaction,call_pulse,0,2026-05-13 20:10:14.471058,joy
Explorer,3d_interaction,call_pulse,0,2026-05-13 20:10:14.824589,joy
Explorer,3d_interaction,call_pulse,0,2026-05-13 20:10:14.919896,joy
Explorer,3d_interaction,call_pulse,0,2026-05-13 20:10:15.283931,joy
Explorer,3d_interaction,call_pulse,0,2026-05-13 20:10:15.297914,joy
Explorer,3d_interaction,call_pulse,0,2026-05-13 20:10:15.401421,joy
Explorer,3d_interaction,call_pulse,0,2026-05-13 20:10:15.483009,joy
Explorer,3d_interaction,call_pulse,0,2026-05-13 20:10:15.653659,joy
Explorer,3d_interaction,call_pulse,0,2026-05-13 20:10:15.882175,joy
Explorer,3d_interaction,call_pulse,0,2026-05-13 20:10:15.972039,joy
Explorer,3d_interaction,call_pulse,0,2026-05-13 20:10:16.149633,joy
Explorer,3d_interaction,call_pulse,0,2026-05-13 20:10:16.315762,joy
Explorer,3d_interaction,call_pulse,0,2026-05-13 20:10:16.502802,joy
Explorer,3d_interaction,call_pulse,0,2026-05-13 20:10:16.605936,joy
Explorer,3d_interaction,call_pulse,0,2026-05-13 20:10:16.753048,joy
Explorer,3d_interaction,call_pulse,0,2026-05-13 20:10:16.941952,joy
Explorer,3d_interaction,call_pulse,0,2026-05-13 20:10:17.350597,joy
Explorer,3d_interaction,call_pulse,0,2026-05-13 20:10:17.369535,joy
Explorer,3d_interaction,call_pulse,0,2026-05-13 20:10:18.040236,joy
533144,visit,/,,2026-05-13 22:05:57.137518,
533144,visit,/,,2026-05-13 22:17:44.179574,
533144,time_spent,/,38,2026-05-13 22:18:21.632358,
533144,visit,/,,2026-05-13 22:18:25.784271,
533144,time_spent,/,9,2026-05-13 22:18:34.360856,
533144,visit,/,,2026-05-13 22:18:37.487367,
533144,time_spent,/,3,2026-05-13 22:18:40.655724,
533144,visit,/,,2026-05-13 22:20:02.843196,
533144,time_spent,/,9,2026-05-13 22:20:11.704041,
533144,time_spent,/,15,2026-05-13 22:20:18.204400,
533144,visit,/,,2026-05-13 22:20:21.308221,
533144,time_spent,/,2,2026-05-13 22:20:23.590559,
533144,visit,/,,2026-05-13 22:27:18.154112,
950474,visit,/,,2026-05-13 22:28:15.841399,
950474,time_spent,/,8,2026-05-13 22:28:23.552705,
950474,visit,/,,2026-05-13 22:28:26.800574,
950474,time_spent,/,3,2026-05-13 22:28:29.600537,
950474,visit,/,,2026-05-13 22:28:32.380685,
950474,time_spent,/,1,2026-05-13 22:28:33.335472,
950474,visit,/,,2026-05-13 22:28:35.346766,
950474,time_spent,/,11,2026-05-13 22:28:46.220624,
950474,visit,/chatbot,,2026-05-13 22:28:47.188977,
950474,time_spent,/chatbot,1,2026-05-13 22:28:47.800620,
950474,time_spent,/,14,2026-05-13 22:28:49.022805,
950474,visit,/oasis-home,,2026-05-13 22:28:50.834383,
Explorer,3d_interaction,call_pulse,0,2026-05-13 22:29:51.037283,joy
Explorer,time_spent,meditation_ritual,15,2026-05-13 22:29:51.038670,calm
950474,time_spent,/oasis-home,130,2026-05-13 22:31:01.279440,
950474,time_spent,/,148,2026-05-13 22:31:03.577933,
950474,visit,/,,2026-05-13 22:31:06.283707,
950474,time_spent,/,1,2026-05-13 22:31:07.218250,
950474,time_spent,/,0,2026-05-13 22:31:08.978627,
950474,visit,/chatbot,,2026-05-13 22:31:25.239624,
950474,time_spent,/chatbot,31,2026-05-13 22:31:55.719167,
950474,visit,/chatbot,,2026-05-13 22:31:56.358795,
950474,time_spent,/chatbot,16,2026-05-13 22:32:12.269188,
950474,visit,/chatbot,,2026-05-13 22:32:12.948527,
950474,time_spent,/chatbot,2,2026-05-13 22:32:14.946965,
950474,visit,/,,2026-05-13 22:32:15.854091,
950474,time_spent,/,10,2026-05-13 22:32:25.734327,
950474,visit,/,,2026-05-13 22:35:05.913551,
950474,time_spent,/,5,2026-05-13 22:35:09.631022,
950474,visit,/chatbot,,2026-05-13 22:35:10.467883,
950474,time_spent,/chatbot,22,2026-05-13 22:35:32.411389,
950474,time_spent,/,1,2026-05-13 22:40:31.526939,
950474,visit,/chatbot,,2026-05-13 22:40:33.139109,
905903,visit,/,,2026-05-15 18:29:25.418093,
905903,time_spent,/,28,2026-05-15 18:29:51.141762,
905903,visit,/,,2026-05-15 18:29:52.546897,
905903,time_spent,/,17,2026-05-15 18:30:09.224128,
905903,visit,/,,2026-05-15 18:30:18.609537,
905903,time_spent,/,3,2026-05-15 18:30:21.715725,
905903,visit,/,,2026-05-15 18:30:22.122269,
905903,time_spent,/,18,2026-05-15 18:30:40.552953,
905903,visit,/oasis-home,,2026-05-15 18:30:41.764488,
905903,time_spent,/oasis-home,45,2026-05-15 18:31:26.260919,
905903,visit,/,,2026-05-15 18:31:28.523529,
905903,time_spent,/,26,2026-05-15 18:31:53.297308,
905903,visit,/,,2026-05-15 18:45:54.812684,
905903,time_spent,/,27,2026-05-15 18:46:09.435433,
905903,visit,/,,2026-05-15 20:03:36.586921,
905903,time_spent,/,1,2026-05-15 20:03:37.178806,
905903,visit,/oasis-home,,2026-05-15 20:03:37.803140,
905903,time_spent,/oasis-home,10,2026-05-15 20:03:48.445716,
935603,visit,/,,2026-05-15 20:07:02.131818,
935603,time_spent,/,4,2026-05-15 20:07:05.544601,
935603,visit,/oasis-home,,2026-05-15 20:07:06.842330,
Explorer,3d_interaction,call_pulse,0,2026-05-15 20:08:26.659218,joy
935603,visit,/,,2026-05-18 09:30:54.140586,
935603,time_spent,/,93,2026-05-18 09:32:36.313179,
935603,visit,/,,2026-05-18 09:51:52.086597,
935603,visit,/oasis-home,,2026-05-18 09:53:08.130330,
Explorer,3d_interaction,call_pulse,0,2026-05-18 09:53:24.482424,joy
Explorer,3d_interaction,call_pulse,0,2026-05-18 09:54:30.022239,joy
Explorer,3d_interaction,call_pulse,0,2026-05-18 09:54:31.184337,joy
935603,time_spent,/oasis-home,98,2026-05-18 09:54:42.880887,
935603,visit,/,,2026-05-18 09:55:22.011352,
935603,time_spent,/,4,2026-05-18 09:55:25.866205,
935603,visit,/,,2026-05-18 10:00:39.679905,
935603,time_spent,/,3,2026-05-18 10:00:42.174490,
935603,time_spent,/,8950,2026-05-18 12:21:00.874615,
935603,visit,/planner,,2026-05-18 12:21:02.579416,
935603,click,home,,2026-05-18 12:21:06.119652,
935603,time_spent,/planner,4,2026-05-18 12:21:06.154716,
935603,visit,/,,2026-05-18 12:21:06.727666,
935603,visit,/,,2026-05-21 12:02:41.767155,
935603,time_spent,/,272,2026-05-21 12:07:13.587240,
935603,visit,/planner,,2026-05-21 12:07:14.426035,
935603,click,home,,2026-05-21 12:07:25.670021,
935603,time_spent,/planner,11,2026-05-21 12:07:25.727371,
935603,visit,/,,2026-05-21 12:07:26.269299,
935603,time_spent,/,108,2026-05-21 12:09:14.495552,
935603,visit,/,,2026-05-21 12:09:25.010460,
935603,time_spent,/,4,2026-05-21 12:09:29.134485,
935603,visit,/,,2026-06-14 20:02:03.692107,
935603,time_spent,/,7,2026-06-14 20:02:07.685048,
935603,visit,/oasis-home,,2026-06-14 20:02:08.890780,
935603,time_spent,/oasis-home,18,2026-06-14 20:02:26.811275,
935603,visit,/,,2026-06-14 20:02:29.808665,
935603,time_spent,/,522,2026-06-14 20:11:40.278935,
935603,visit,/,,2026-06-14 20:11:40.907391,
935603,time_spent,/,2,2026-06-14 20:11:43.281224,
935603,visit,/,,2026-06-14 20:13:34.929928,
935603,visit,/,,2026-06-14 20:18:35.382710,
935603,time_spent,/,9,2026-06-14 20:18:44.533997,
823554,visit,/,,2026-06-14 20:19:18.308248,
823554,time_spent,/,11,2026-06-14 20:19:29.087435,
823554,visit,/,,2026-06-14 20:19:32.422476,
823554,time_spent,/,2,2026-06-14 20:19:34.515578,
823554,visit,/,,2026-06-14 20:19:41.439342,
823554,time_spent,/,2,2026-06-14 20:19:43.300533,
823554,visit,/,,2026-06-14 20:19:43.965421,
823554,time_spent,/,38,2026-06-14 20:20:22.381695,
823554,visit,/oasis-home,,2026-06-14 20:20:23.919372,
823554,time_spent,/oasis-home,14,2026-06-14 20:20:37.898144,
823554,visit,/,,2026-06-14 20:20:40.867163,
823554,time_spent,/,5,2026-06-14 20:20:44.237728,
823554,visit,/,,2026-06-14 20:20:48.701816,
823554,time_spent,/,4,2026-06-14 20:20:51.937397,
823554,visit,/,,2026-06-14 20:20:53.393158,
823554,time_spent,/,6,2026-06-14 20:20:58.110233,
823554,visit,/,,2026-06-14 20:21:00.254321,
823554,time_spent,/,216,2026-06-14 20:24:36.573977,
823554,visit,/,,2026-06-14 20:28:23.643488,
823554,time_spent,/,3,2026-06-14 20:28:25.500485,
823554,visit,/,,2026-06-14 20:28:29.658118,
562135,visit,/,,2026-06-14 20:29:06.485472,
562135,time_spent,/oasis-home,2,2026-06-14 20:29:17.182486,
562135,time_spent,/,23,2026-06-14 20:29:29.470812,
562135,visit,/journal,,2026-06-14 20:29:30.227519,
562135,click,home,,2026-06-14 20:29:34.697958,
562135,time_spent,/journal,5,2026-06-14 20:29:34.755254,
562135,visit,/,,2026-06-14 20:29:35.505898,
562135,time_spent,/,2,2026-06-14 20:29:37.639784,
114112,visit,/,,2026-06-15 15:11:34.905362,
114112,time_spent,/,13,2026-06-15 15:11:45.852218,
